{
    "pluginmetadataversion": 2,
    "name": "ret-sync",
    "type": ["helper" ],
    "api": ["python3"],
    "description": "Helper plugin to synchronize Binary Ninja with a debugging session",
    "longdescription": "This plugin is a part of ret-sync, a set of plugins that help to synchronize a debugging session (WinDbg/GDB/LLDB/OllyDbg/OllyDbg2/x64dbg) with a disassembler (IDA/Ghidra/Binary Ninja).",
    "license": {
            "name": "MIT",
            "text": "Copyright (c) 2020-2022 Alexandre Gazet.\n\nPermission is hereby granted, free of charge, to any person obtaining a copy of this software and associated documentation files (the \"Software\"), to deal in the Software without restriction, including without limitation the rights to use, copy, modify, merge, publish, distribute, sublicense, and/or sell copies of the Software, and to permit persons to whom the Software is furnished to do so, subject to the following conditions:\n\nThe above copyright notice and this permission notice shall be included in all copies or substantial portions of the Software.\n\nTHE SOFTWARE IS PROVIDED \"AS IS\", WITHOUT WARRANTY OF ANY KIND, EXPRESS OR IMPLIED, INCLUDING BUT NOT LIMITED TO THE WARRANTIES OF MERCHANTABILITY, FITNESS FOR A PARTICULAR PURPOSE AND NONINFRINGEMENT. IN NO EVENT SHALL THE AUTHORS OR COPYRIGHT HOLDERS BE LIABLE FOR ANY CLAIM, DAMAGES OR OTHER LIABILITY, WHETHER IN AN ACTION OF CONTRACT, TORT OR OTHERWISE, ARISING FROM, OUT OF OR IN CONNECTION WITH THE SOFTWARE OR THE USE OR OTHER DEALINGS IN THE SOFTWARE."

    },
    "platforms": ["Windows", "Linux", "Darwin"],
    "installinstructions" : {
            "Windows":"No other step is required to install the Binary Ninja plugin.\nSee the [Github page](https://github.com/bootleg/ret-sync) to install and configure one of the debugger plugins.",
            "Linux":"No other step is required to install the Binary Ninja plugin.\nSee the [Github page](https://github.com/bootleg/ret-sync) to install and configure one of the debugger plugins.",
            "Darwin":"No other step is required to install the Binary Ninja plugin.\nSee the [Github page](https://github.com/bootleg/ret-sync) to install and configure one of the debugger plugins."
    },
    "dependencies": {
    },
    "version": "0.1.1",
    "author": "Alexandre Gazet",
    "minimumbinaryninjaversion": 2
}
